'id_car_mark__name__translate','ru','de','it','en','pl','fr','lv','es','da','in','id_car_mark','date_create','date_update','id_car_type'
'1','AC','AC','AC','AC','AC','AC','AC','AC','AC',NULL,'1','0','1622399210','1'
'2','Acura','Acura','Acura','Acura','Acura','Acura','Acura','Acura','Acura',NULL,'2','0','1622399210','1'
'3','Alfa Romeo','Alfa Romeo','Alfa Romeo','Alfa Romeo','Alfa Romeo','Alfa Romeo','Alfa Romeo','Alfa Romeo','Alfa Romeo',NULL,'3','0','1622399210','1'
'4','Alpine','Alpine','Alpine','Alpine','Alpine','Alpine','Alpine','Alpine','Alpine',NULL,'4','0','1622399210','1'
'5','Ariel','Ariel','Ariel','Ariel','Ariel','Ariel','Ariel','Ariel','Ariel',NULL,'6','0','1622399210','1'
'6','Aro','Aro','Aro','Aro','Aro','Aro','Aro','Aro','Aro',NULL,'7','0','1622399210','1'
'7','Asia','Asia','Asia','Asia','Asia','Asia','Asia','Asia','Asia',NULL,'8','0','1622399210','1'
'8','Aston Martin','Aston Martin','Aston Martin','Aston Martin','Aston Martin','Aston Martin','Aston Martin','Aston Martin','Aston Martin',NULL,'9','0','1622399210','1'
'9','Audi','Audi','Audi','Audi','Audi','Audi','Audi','Audi','Audi',NULL,'10','0','1622399210','1'
'10','Austin','Austin','Austin','Austin','Austin','Austin','Austin','Austin','Austin',NULL,'11','0','1622399210','1'
'11','Bentley','Bentley','Bentley','Bentley','Bentley','Bentley','Bentley','Bentley','Bentley',NULL,'15','0','1622399210','1'
'12','BMW','BMW','BMW','BMW','BMW','BMW','BMW','BMW','BMW',NULL,'18','0','1622399210','1'
'13','Brilliance','Brilliance','Brilliance','Brilliance','Brilliance','Brilliance','Brilliance','Brilliance','Brilliance',NULL,'21','0','1622399210','1'
'14','Bristol','Bristol','Bristol','Bristol','Bristol','Bristol','Bristol','Bristol','Bristol',NULL,'22','0','1622399210','1'
'15','Bugatti','Bugatti','Bugatti','Bugatti','Bugatti','Bugatti','Bugatti','Bugatti','Bugatti',NULL,'24','0','1622399210','1'
'16','Buick','Buick','Buick','Buick','Buick','Buick','Buick','Buick','Buick',NULL,'25','0','1622399210','1'
'17','BYD','BYD','BYD','BYD','BYD','BYD','BYD','BYD','BYD',NULL,'26','0','1622399210','1'
'18','Cadillac','Cadillac','Cadillac','Cadillac','Cadillac','Cadillac','Cadillac','Cadillac','Cadillac',NULL,'28','0','1622399210','1'
'19','Callaway','Callaway','Callaway','Callaway','Callaway','Callaway','Callaway','Callaway','Callaway',NULL,'29','0','1622399210','1'
'20','Carbodies','Carbodies','Carbodies','Carbodies','Carbodies','Carbodies','Carbodies','Carbodies','Carbodies',NULL,'30','0','1622399210','1'
'21','Caterham','Caterham','Caterham','Caterham','Caterham','Caterham','Caterham','Caterham','Caterham',NULL,'31','0','1622399210','1'
'22','Changan','Changan','Changan','Changan','Changan','Changan','Changan','Changan','Changan',NULL,'32','0','1622399210','1'
'23','ChangFeng','ChangFeng','ChangFeng','ChangFeng','ChangFeng','ChangFeng','ChangFeng','ChangFeng','ChangFeng',NULL,'33','0','1622399210','1'
'24','Chery','Chery','Chery','Chery','Chery','Chery','Chery','Chery','Chery',NULL,'34','0','1622399210','1'
'25','Chevrolet','Chevrolet','Chevrolet','Chevrolet','Chevrolet','Chevrolet','Chevrolet','Chevrolet','Chevrolet',NULL,'35','0','1622399210','1'
'26','Chrysler','Chrysler','Chrysler','Chrysler','Chrysler','Chrysler','Chrysler','Chrysler','Chrysler',NULL,'36','0','1622399210','1'
'27','Citroen','Citroen','Citroen','Citroen','Citroen','Citroen','Citroen','Citroen','Citroen',NULL,'37','0','1622399210','1'
'28','Cizeta','Cizeta','Cizeta','Cizeta','Cizeta','Cizeta','Cizeta','Cizeta','Cizeta',NULL,'38','0','1622399210','1'
'29','Coggiola','Coggiola','Coggiola','Coggiola','Coggiola','Coggiola','Coggiola','Coggiola','Coggiola',NULL,'39','0','1622399210','1'
'30','Dacia','Dacia','Dacia','Dacia','Dacia','Dacia','Dacia','Dacia','Dacia',NULL,'40','0','1622399210','1'
'31','Dadi','Dadi','Dadi','Dadi','Dadi','Dadi','Dadi','Dadi','Dadi',NULL,'41','0','1622399210','1'
'32','Daewoo','Daewoo','Daewoo','Daewoo','Daewoo','Daewoo','Daewoo','Daewoo','Daewoo',NULL,'42','0','1622399210','1'
'33','Daihatsu','Daihatsu','Daihatsu','Daihatsu','Daihatsu','Daihatsu','Daihatsu','Daihatsu','Daihatsu',NULL,'44','0','1622399210','1'
'34','Daimler','Daimler','Daimler','Daimler','Daimler','Daimler','Daimler','Daimler','Daimler',NULL,'45','0','1622399210','1'
'35','Dallas','Dallas','Dallas','Dallas','Dallas','Dallas','Dallas','Dallas','Dallas',NULL,'46','0','1622399210','1'
'36','Datsun','Datsun','Datsun','Datsun','Datsun','Datsun','Datsun','Datsun','Datsun',NULL,'47','0','1622399210','1'
'37','De Tomaso','De Tomaso','De Tomaso','De Tomaso','De Tomaso','De Tomaso','De Tomaso','De Tomaso','De Tomaso',NULL,'48','0','1622399210','1'
'38','DeLorean','DeLorean','DeLorean','DeLorean','DeLorean','DeLorean','DeLorean','DeLorean','DeLorean',NULL,'49','0','1622399210','1'
'39','Derways','Derways','Derways','Derways','Derways','Derways','Derways','Derways','Derways',NULL,'50','0','1622399210','1'
'40','Dodge','Dodge','Dodge','Dodge','Dodge','Dodge','Dodge','Dodge','Dodge',NULL,'51','0','1622399210','1'
'41','DongFeng','DongFeng','DongFeng','DongFeng','DongFeng','DongFeng','DongFeng','DongFeng','DongFeng',NULL,'52','0','1622399210','1'
'42','Донинвест','Doninvest','Doninvest','Doninvest','Doninvest','Doninvest','Doninvest','Doninvest','Doninvest',NULL,'53','0','1622399210','1'
'43','Eagle','Eagle','Eagle','Eagle','Eagle','Eagle','Eagle','Eagle','Eagle',NULL,'56','0','1622399210','1'
'44','FAW','FAW','FAW','FAW','FAW','FAW','FAW','FAW','FAW',NULL,'59','0','1622399210','1'
'45','Ferrari','Ferrari','Ferrari','Ferrari','Ferrari','Ferrari','Ferrari','Ferrari','Ferrari',NULL,'60','0','1622399210','1'
'46','Fiat','Fiat','Fiat','Fiat','Fiat','Fiat','Fiat','Fiat','Fiat',NULL,'61','0','1622399210','1'
'47','Fisker','Fisker','Fisker','Fisker','Fisker','Fisker','Fisker','Fisker','Fisker',NULL,'62','0','1622399210','1'
'48','Ford','Ford','Ford','Ford','Ford','Ford','Ford','Ford','Ford',NULL,'63','0','1622399210','1'
'49','Foton','Foton','Foton','Foton','Foton','Foton','Foton','Foton','Foton',NULL,'64','0','1622399210','1'
'50','FSO','FSO','FSO','FSO','FSO','FSO','FSO','FSO','FSO',NULL,'65','0','1622399210','1'
'51','Fuqi','Fuqi','Fuqi','Fuqi','Fuqi','Fuqi','Fuqi','Fuqi','Fuqi',NULL,'66','0','1622399210','1'
'52','Geely','Geely','Geely','Geely','Geely','Geely','Geely','Geely','Geely',NULL,'67','0','1622399210','1'
'54','GMC','GMC','GMC','GMC','GMC','GMC','GMC','GMC','GMC',NULL,'69','0','1622399210','1'
'55','Great Wall','Great Wall','Great Wall','Great Wall','Great Wall','Great Wall','Great Wall','Great Wall','Great Wall',NULL,'71','0','1622399210','1'
'56','Hafei','Hafei','Hafei','Hafei','Hafei','Hafei','Hafei','Hafei','Hafei',NULL,'72','0','1622399210','1'
'57','Haima','Haima','Haima','Haima','Haima','Haima','Haima','Haima','Haima',NULL,'73','0','1622399210','1'
'58','Hindustan','Hindustan','Hindustan','Hindustan','Hindustan','Hindustan','Hindustan','Hindustan','Hindustan',NULL,'74','0','1622399210','1'
'59','Holden','Holden','Holden','Holden','Holden','Holden','Holden','Holden','Holden',NULL,'75','0','1622399210','1'
'60','Honda','Honda','Honda','Honda','Honda','Honda','Honda','Honda','Honda',NULL,'76','0','1622399210','1'
'61','HuangHai','HuangHai','HuangHai','HuangHai','HuangHai','HuangHai','HuangHai','HuangHai','HuangHai',NULL,'77','0','1622399210','1'
'62','Hummer','Hummer','Hummer','Hummer','Hummer','Hummer','Hummer','Hummer','Hummer',NULL,'78','0','1622399210','1'
'63','Hyundai','Hyundai','Hyundai','Hyundai','Hyundai','Hyundai','Hyundai','Hyundai','Hyundai',NULL,'79','0','1622399210','1'
'64','Infiniti','Infiniti','Infiniti','Infiniti','Infiniti','Infiniti','Infiniti','Infiniti','Infiniti',NULL,'80','0','1622399210','1'
'65','Innocenti','Innocenti','Innocenti','Innocenti','Innocenti','Innocenti','Innocenti','Innocenti','Innocenti',NULL,'81','0','1622399210','1'
'66','Invicta','Invicta','Invicta','Invicta','Invicta','Invicta','Invicta','Invicta','Invicta',NULL,'82','0','1622399210','1'
'67','Iran Khodro','Iran Khodro','Iran Khodro','Iran Khodro','Iran Khodro','Iran Khodro','Iran Khodro','Iran Khodro','Iran Khodro',NULL,'83','0','1622399210','1'
'68','Isdera','Isdera','Isdera','Isdera','Isdera','Isdera','Isdera','Isdera','Isdera',NULL,'84','0','1622399210','1'
'69','Isuzu','Isuzu','Isuzu','Isuzu','Isuzu','Isuzu','Isuzu','Isuzu','Isuzu',NULL,'85','0','1622399210','1'
'70','JAC','JAC','JAC','JAC','JAC','JAC','JAC','JAC','JAC',NULL,'87','0','1622399210','1'
'71','Jaguar','Jaguar','Jaguar','Jaguar','Jaguar','Jaguar','Jaguar','Jaguar','Jaguar',NULL,'88','0','1622399210','1'
'72','Jeep','Jeep','Jeep','Jeep','Jeep','Jeep','Jeep','Jeep','Jeep',NULL,'89','0','1622399210','1'
'73','JMC','JMC','JMC','JMC','JMC','JMC','JMC','JMC','JMC',NULL,'91','0','1622399210','1'
'74','Kia','Kia','Kia','Kia','Kia','Kia','Kia','Kia','Kia',NULL,'92','0','1622399210','1'
'75','Koenigsegg','Koenigsegg','Koenigsegg','Koenigsegg','Koenigsegg','Koenigsegg','Koenigsegg','Koenigsegg','Koenigsegg',NULL,'93','0','1622399210','1'
'76','Lamborghini','Lamborghini','Lamborghini','Lamborghini','Lamborghini','Lamborghini','Lamborghini','Lamborghini','Lamborghini',NULL,'95','0','1622399210','1'
'77','Lancia','Lancia','Lancia','Lancia','Lancia','Lancia','Lancia','Lancia','Lancia',NULL,'96','0','1622399210','1'
'78','Land Rover','Land Rover','Land Rover','Land Rover','Land Rover','Land Rover','Land Rover','Land Rover','Land Rover',NULL,'97','0','1622399210','1'
'79','Landwind','Landwind','Landwind','Landwind','Landwind','Landwind','Landwind','Landwind','Landwind',NULL,'98','0','1622399210','1'
'80','Lexus','Lexus','Lexus','Lexus','Lexus','Lexus','Lexus','Lexus','Lexus',NULL,'99','0','1622399210','1'
'81','Lifan','Lifan','Lifan','Lifan','Lifan','Lifan','Lifan','Lifan','Lifan',NULL,'101','0','1622399210','1'
'82','Lincoln','Lincoln','Lincoln','Lincoln','Lincoln','Lincoln','Lincoln','Lincoln','Lincoln',NULL,'102','0','1622399210','1'
'83','Lotus','Lotus','Lotus','Lotus','Lotus','Lotus','Lotus','Lotus','Lotus',NULL,'103','0','1622399210','1'
'84','LTI','LTI','LTI','LTI','LTI','LTI','LTI','LTI','LTI',NULL,'104','0','1622399210','1'
'85','Luxgen','Luxgen','Luxgen','Luxgen','Luxgen','Luxgen','Luxgen','Luxgen','Luxgen',NULL,'105','0','1622399210','1'
'86','Mahindra','Mahindra','Mahindra','Mahindra','Mahindra','Mahindra','Mahindra','Mahindra','Mahindra',NULL,'106','0','1622399210','1'
'87','Marcos','Marcos','Marcos','Marcos','Marcos','Marcos','Marcos','Marcos','Marcos',NULL,'107','0','1622399210','1'
'88','Marlin','Marlin','Marlin','Marlin','Marlin','Marlin','Marlin','Marlin','Marlin',NULL,'108','0','1622399210','1'
'89','Marussia','Marussia','Marussia','Marussia','Marussia','Marussia','Marussia','Marussia','Marussia',NULL,'109','0','1622399210','1'
'90','Maruti','Maruti','Maruti','Maruti','Maruti','Maruti','Maruti','Maruti','Maruti',NULL,'110','0','1622399210','1'
'91','Maserati','Maserati','Maserati','Maserati','Maserati','Maserati','Maserati','Maserati','Maserati',NULL,'111','0','1622399210','1'
'92','Maybach','Maybach','Maybach','Maybach','Maybach','Maybach','Maybach','Maybach','Maybach',NULL,'112','0','1622399210','1'
'93','Mazda','Mazda','Mazda','Mazda','Mazda','Mazda','Mazda','Mazda','Mazda',NULL,'113','0','1622399210','1'
'94','McLaren','McLaren','McLaren','McLaren','McLaren','McLaren','McLaren','McLaren','McLaren',NULL,'114','0','1622399210','1'
'95','Mega','Mega','Mega','Mega','Mega','Mega','Mega','Mega','Mega',NULL,'115','0','1622399210','1'
'96','Mercedes-Benz','Mercedes-Benz','Mercedes-Benz','Mercedes-Benz','Mercedes-Benz','Mercedes-Benz','Mercedes-Benz','Mercedes-Benz','Mercedes-Benz',NULL,'116','0','1622399210','1'
'97','Mercury','Mercury','Mercury','Mercury','Mercury','Mercury','Mercury','Mercury','Mercury',NULL,'117','0','1622399210','1'
'98','Metrocab','Metrocab','Metrocab','Metrocab','Metrocab','Metrocab','Metrocab','Metrocab','Metrocab',NULL,'118','0','1622399210','1'
'99','MG','MG','MG','MG','MG','MG','MG','MG','MG',NULL,'119','0','1622399210','1'
'100','Minelli','Minelli','Minelli','Minelli','Minelli','Minelli','Minelli','Minelli','Minelli',NULL,'121','0','1622399210','1'
'101','Mini','Mini','Mini','Mini','Mini','Mini','Mini','Mini','Mini',NULL,'122','0','1622399210','1'
'102','Mitsubishi','Mitsubishi','Mitsubishi','Mitsubishi','Mitsubishi','Mitsubishi','Mitsubishi','Mitsubishi','Mitsubishi',NULL,'123','0','1622399210','1'
'103','Mitsuoka','Mitsuoka','Mitsuoka','Mitsuoka','Mitsuoka','Mitsuoka','Mitsuoka','Mitsuoka','Mitsuoka',NULL,'124','0','1622399210','1'
'104','Morgan','Morgan','Morgan','Morgan','Morgan','Morgan','Morgan','Morgan','Morgan',NULL,'125','0','1622399210','1'
'105','Nissan','Nissan','Nissan','Nissan','Nissan','Nissan','Nissan','Nissan','Nissan',NULL,'127','0','1622399210','1'
'106','Noble','Noble','Noble','Noble','Noble','Noble','Noble','Noble','Noble',NULL,'128','0','1622399210','1'
'107','Oldsmobile','Oldsmobile','Oldsmobile','Oldsmobile','Oldsmobile','Oldsmobile','Oldsmobile','Oldsmobile','Oldsmobile',NULL,'129','0','1622399210','1'
'108','Opel','Opel','Opel','Opel','Opel','Opel','Opel','Opel','Opel',NULL,'130','0','1622399210','1'
'109','Osca','Osca','Osca','Osca','Osca','Osca','Osca','Osca','Osca',NULL,'131','0','1622399210','1'
'110','Pagani','Pagani','Pagani','Pagani','Pagani','Pagani','Pagani','Pagani','Pagani',NULL,'132','0','1622399210','1'
'111','Panoz','Panoz','Panoz','Panoz','Panoz','Panoz','Panoz','Panoz','Panoz',NULL,'133','0','1622399210','1'
'112','Perodua','Perodua','Perodua','Perodua','Perodua','Perodua','Perodua','Perodua','Perodua',NULL,'134','0','1622399210','1'
'113','Peugeot','Peugeot','Peugeot','Peugeot','Peugeot','Peugeot','Peugeot','Peugeot','Peugeot',NULL,'135','0','1622399210','1'
'114','Plymouth','Plymouth','Plymouth','Plymouth','Plymouth','Plymouth','Plymouth','Plymouth','Plymouth',NULL,'137','0','1622399210','1'
'115','Pontiac','Pontiac','Pontiac','Pontiac','Pontiac','Pontiac','Pontiac','Pontiac','Pontiac',NULL,'138','0','1622399210','1'
'116','Porsche','Porsche','Porsche','Porsche','Porsche','Porsche','Porsche','Porsche','Porsche',NULL,'139','0','1622399210','1'
'117','Premier','Premier','Premier','Premier','Premier','Premier','Premier','Premier','Premier',NULL,'140','0','1622399210','1'
'118','Proton','Proton','Proton','Proton','Proton','Proton','Proton','Proton','Proton',NULL,'141','0','1622399210','1'
'119','Puma','Puma','Puma','Puma','Puma','Puma','Puma','Puma','Puma',NULL,'143','0','1622399210','1'
'120','Qoros','Qoros','Qoros','Qoros','Qoros','Qoros','Qoros','Qoros','Qoros',NULL,'144','0','1622399210','1'
'121','Qvale','Qvale','Qvale','Qvale','Qvale','Qvale','Qvale','Qvale','Qvale',NULL,'145','0','1622399210','1'
'122','Reliant','Reliant','Reliant','Reliant','Reliant','Reliant','Reliant','Reliant','Reliant',NULL,'146','0','1622399210','1'
'123','Renault','Renault','Renault','Renault','Renault','Renault','Renault','Renault','Renault',NULL,'147','0','1622399210','1'
'124','Samsung','Samsung','Samsung','Samsung','Samsung','Samsung','Samsung','Samsung','Samsung',NULL,'148','0','1622399210','1'
'125','Rolls-Royce','Rolls-Royce','Rolls-Royce','Rolls-Royce','Rolls-Royce','Rolls-Royce','Rolls-Royce','Rolls-Royce','Rolls-Royce',NULL,'149','0','1622399210','1'
'126','Ronart','Ronart','Ronart','Ronart','Ronart','Ronart','Ronart','Ronart','Ronart',NULL,'150','0','1622399210','1'
'127','Rover','Rover','Rover','Rover','Rover','Rover','Rover','Rover','Rover',NULL,'151','0','1622399210','1'
'128','Saab','Saab','Saab','Saab','Saab','Saab','Saab','Saab','Saab',NULL,'152','0','1622399210','1'
'129','Saleen','Saleen','Saleen','Saleen','Saleen','Saleen','Saleen','Saleen','Saleen',NULL,'153','0','1622399210','1'
'130','Santana','Santana','Santana','Santana','Santana','Santana','Santana','Santana','Santana',NULL,'154','0','1622399210','1'
'131','Saturn','Saturn','Saturn','Saturn','Saturn','Saturn','Saturn','Saturn','Saturn',NULL,'155','0','1622399210','1'
'132','Scion','Scion','Scion','Scion','Scion','Scion','Scion','Scion','Scion',NULL,'156','0','1622399210','1'
'133','SEAT','SEAT','SEAT','SEAT','SEAT','SEAT','SEAT','SEAT','SEAT',NULL,'157','0','1622399210','1'
'134','ShuangHuan','ShuangHuan','ShuangHuan','ShuangHuan','ShuangHuan','ShuangHuan','ShuangHuan','ShuangHuan','ShuangHuan',NULL,'158','0','1622399210','1'
'135','Skoda','Skoda','Skoda','Skoda','Skoda','Skoda','Skoda','Skoda','Skoda',NULL,'159','0','1622399210','1'
'136','Smart','Smart','Smart','Smart','Smart','Smart','Smart','Smart','Smart',NULL,'160','0','1622399210','1'
'137','Soueast','Soueast','Soueast','Soueast','Soueast','Soueast','Soueast','Soueast','Soueast',NULL,'161','0','1622399210','1'
'138','Spectre','Spectre','Spectre','Spectre','Spectre','Spectre','Spectre','Spectre','Spectre',NULL,'162','0','1622399210','1'
'139','Spyker','Spyker','Spyker','Spyker','Spyker','Spyker','Spyker','Spyker','Spyker',NULL,'163','0','1622399210','1'
'140','SsangYong','SsangYong','SsangYong','SsangYong','SsangYong','SsangYong','SsangYong','SsangYong','SsangYong',NULL,'165','0','1622399210','1'
'141','Subaru','Subaru','Subaru','Subaru','Subaru','Subaru','Subaru','Subaru','Subaru',NULL,'166','0','1622399210','1'
'142','Suzuki','Suzuki','Suzuki','Suzuki','Suzuki','Suzuki','Suzuki','Suzuki','Suzuki',NULL,'167','0','1622399210','1'
'143','Talbot','Talbot','Talbot','Talbot','Talbot','Talbot','Talbot','Talbot','Talbot',NULL,'168','0','1622399210','1'
'144','Tata','Tata','Tata','Tata','Tata','Tata','Tata','Tata','Tata',NULL,'169','0','1622399210','1'
'145','Tatra','Tatra','Tatra','Tatra','Tatra','Tatra','Tatra','Tatra','Tatra',NULL,'170','0','1622399210','1'
'146','Tesla','Tesla','Tesla','Tesla','Tesla','Tesla','Tesla','Tesla','Tesla',NULL,'172','0','1622399210','1'
'147','Tianma','Tianma','Tianma','Tianma','Tianma','Tianma','Tianma','Tianma','Tianma',NULL,'173','0','1622399210','1'
'148','Tianye','Tianye','Tianye','Tianye','Tianye','Tianye','Tianye','Tianye','Tianye',NULL,'174','0','1622399210','1'
'149','Tofas','Tofas','Tofas','Tofas','Tofas','Tofas','Tofas','Tofas','Tofas',NULL,'175','0','1622399210','1'
'150','Toyota','Toyota','Toyota','Toyota','Toyota','Toyota','Toyota','Toyota','Toyota',NULL,'176','0','1622399210','1'
'151','Trabant','Trabant','Trabant','Trabant','Trabant','Trabant','Trabant','Trabant','Trabant',NULL,'177','0','1622399210','1'
'152','TVR','TVR','TVR','TVR','TVR','TVR','TVR','TVR','TVR',NULL,'180','0','1622399210','1'
'153','Vauxhall','Vauxhall','Vauxhall','Vauxhall','Vauxhall','Vauxhall','Vauxhall','Vauxhall','Vauxhall',NULL,'181','0','1622399210','1'
'154','Vector','Vector','Vector','Vector','Vector','Vector','Vector','Vector','Vector',NULL,'182','0','1622399210','1'
'155','Venturi','Venturi','Venturi','Venturi','Venturi','Venturi','Venturi','Venturi','Venturi',NULL,'183','0','1622399210','1'
'156','Volkswagen','Volkswagen','Volkswagen','Volkswagen','Volkswagen','Volkswagen','Volkswagen','Volkswagen','Volkswagen',NULL,'184','0','1622399210','1'
'157','Volvo','Volvo','Volvo','Volvo','Volvo','Volvo','Volvo','Volvo','Volvo',NULL,'185','0','1622399210','1'
'158','Vortex','Vortex','Vortex','Vortex','Vortex','Vortex','Vortex','Vortex','Vortex',NULL,'186','0','1622399210','1'
'159','Wartburg','Wartburg','Wartburg','Wartburg','Wartburg','Wartburg','Wartburg','Wartburg','Wartburg',NULL,'187','0','1622399210','1'
'160','Westfield','Westfield','Westfield','Westfield','Westfield','Westfield','Westfield','Westfield','Westfield',NULL,'188','0','1622399210','1'
'161','Wiesmann','Wiesmann','Wiesmann','Wiesmann','Wiesmann','Wiesmann','Wiesmann','Wiesmann','Wiesmann',NULL,'189','0','1622399210','1'
'162','Xin Kai','Xin Kai','Xin Kai','Xin Kai','Xin Kai','Xin Kai','Xin Kai','Xin Kai','Xin Kai',NULL,'190','0','1622399210','1'
'163','Zastava','Zastava','Zastava','Zastava','Zastava','Zastava','Zastava','Zastava','Zastava',NULL,'191','0','1622399210','1'
'164','Zotye','Zotye','Zotye','Zotye','Zotye','Zotye','Zotye','Zotye','Zotye',NULL,'192','0','1622399210','1'
'165','ZX','ZX','ZX','ZX','ZX','ZX','ZX','ZX','ZX',NULL,'193','0','1622399210','1'
'166','ВАЗ (Lada)','VAZ (Lada)','VAZ (Lada)','VAZ (Lada)','WAZ (Łada)','VAZ (Lada)','VAZ (Lada)','VAZ (Lada)','VAZ (Lada)',NULL,'215','0','1622399210','1'
'167','ГАЗ','GAZ','GAZ','GAZ','GAZ','GAZ','GAZ','GAZ','GAZ',NULL,'216','0','1622399210','1'
'168','ЗАЗ','ZAZ','ZAZ','ZAZ','ZAZ','ZAZ','ZAZ','ZAZ','ZAZ',NULL,'217','0','1622399210','1'
'169','ЗИЛ','ZIL','ZIL','ZIL','ZIŁ','ZIL','ZIL','ZIL','ZIL',NULL,'218','0','1622399210','1'
'170','ИЖ','IZH','IZH','IZH','IZH','IZH','IŽ','IZH','IZH',NULL,'219','0','1622399210','1'
'171','ЛуАЗ','LuAZ','LuAZ','LuAZ','LuAZ','LuAZ','LuAZ','LuAZ','LuAZ',NULL,'222','0','1622399210','1'
'172','Москвич','Moskwitsch','Moscovita','Moskvich','Moskal','Moskvitch','Moskvich','Moscovita','Moskovitiske',NULL,'223','0','1622399210','1'
'173','СМЗ','SZM','SMZ','SMZ','SMZ','SMZ','SMZ','SMZ','SMZ',NULL,'224','0','1622399210','1'
'174','ТагАЗ','TagAZ','TagAZ','TagAZ','TagAZ','TagAZ','TagAZ','TagAZ','TagAZ',NULL,'226','0','1622399210','1'
'175','УАЗ','UAZ','UAZ','UAZ','UAZ','UAZ','UAZ','UAZ','UAZ',NULL,'227','0','1622399210','1'
'176','Alpina','Alpina','Alpina','Alpina','Alpina','Alpina','Alpina','Alpina','Alpina',NULL,'291','0','1622399210','1'
'177','Hawtai','Hawtai','Hawtai','Hawtai','Hawtai','Hawtai','Hawtai','Hawtai','Hawtai',NULL,'282','0','1622399210','1'
'178','Renaissance Cars','Renaissance Cars','Renaissance Cars','Renaissance Cars','Renaissance Cars','Renaissance Cars','Renaissance Cars','Renaissance Cars','Renaissance Cars',NULL,'284','0','1622399210','1'
'179','Paykan','Paykan','Paykan','Paykan','Paykan','Paykan','Paykan','Paykan','Paykan',NULL,'286','0','1622399210','1'
'180','Haval','Haval','Haval','Haval','Haval','Haval','Haval','Haval','Haval',NULL,'290','0','1622399210','1'
'181','DS','DS','DS','DS','DS','DS','DS','DS','DS',NULL,'3589','0','1622399210','1'
'182','Adler','Adler','Adler','Adler','Adler','Adler','Adler','Adler','Adler',NULL,'3664','0','1622399210','1'
'183','Packard','Packard','Packard','Packard','Packard','Packard','Packard','Packard','Packard',NULL,'3666','0','1622399210','1'
'184','Комбат','Kombat','Kombat','Combat','Kombat','Kombat','Combat','Kombat','Kombat',NULL,'3668','0','1622399210','1'
'185','Ravon','Ravon','Ravon','Ravon','Ravon','Ravon','Ravon','Ravon','Ravon',NULL,'3689','0','1622399210','1'
'186','Borgward','Borgward','Borgward','Borgward','Borgward','Borgward','Borgward','Borgward','Borgward',NULL,'3676','0','1622399210','1'
'187','AMC','AMC','AMC','AMC','AMC','AMC','AMC','AMC','AMC',NULL,'3705','0','1622399210','1'
'188','Austin Healey','Austin Healey','Austin Healey','Austin Healey','Austin Healey','Austin Healey','Austin Healey','Austin Healey','Austin Healey',NULL,'3749','0','1622399210','1'
'189','Chana','Chana','Chana','Chana','Chana','Chana','Chana','Chana','Chana',NULL,'3752','0','1622399210','1'
'190','Changhe','Changhe','Changhe','Changhe','Changhe','Changhe','Changhe','Changhe','Changhe',NULL,'3753','0','1622399210','1'
'191','Efini','Efini','Efini','Efini','Efini','Efini','Efini','Efini','Efini',NULL,'3755','0','1622399210','1'
'192','Excalibur','Excalibur','Excalibur','Excalibur','Excalibur','Excalibur','Excalibur','Excalibur','Excalibur',NULL,'3756','0','1622399210','1'
'193','Groz','Groz','Groz','Groz','Groz','Groz','Groz','Groz','Groz',NULL,'3757','0','1622399210','1'
'194','Hurtan','Hurtan','Hurtan','Hurtan','Hurtan','Hurtan','Hurtan','Hurtan','Hurtan',NULL,'3760','0','1622399210','1'
'195','Jiangnan','Jiangnan','Jiangnan','Jiangnan','Jiangnan','Jiangnan','Jiangnan','Jiangnan','Jiangnan',NULL,'3761','0','1622399210','1'
'196','Jinbei','Jinbei','Jinbei','Jinbei','Jinbei','Jinbei','Jinbei','Jinbei','Jinbei',NULL,'3762','0','1622399210','1'
'197','Monte Carlo','Monte Carlo','Monte Carlo','Monte Carlo','Monte Carlo','Monte Carlo','Monte Carlo','Monte Carlo','Monte Carlo',NULL,'3765','0','1622399210','1'
'198','Nysa','Nysa','Nysa','Nysa','Nysa','Nysa','Nysa','Nysa','Nysa',NULL,'3767','0','1622399210','1'
'199','Shifeng','Shifeng','Shifeng','Shifeng','Shifeng','Shifeng','Shifeng','Shifeng','Shifeng',NULL,'3771','0','1622399210','1'
'200','SMA','SMA','SMA','SMA','SMA','SMA','SMA','SMA','SMA',NULL,'3772','0','1622399210','1'
'201','Wuling','Wuling','Wuling','Wuling','Wuling','Wuling','Wuling','Wuling','Wuling',NULL,'3774','0','1622399210','1'
'202','Genesis','Genesis','Genesis','Genesis','Genesis','Genesis','Genesis','Genesis','Genesis',NULL,'3815','0','1622399210','1'
'203','Zibar','Zibar','Zibar','Zibar','Zibar','Zibar','Zibar','Zibar','Zibar',NULL,'3821','0','1622399210','1'
'204','Прочие авто','Andere Auto','Altre auto','Other car','Inne auto','Autres auto','Pārējie auto','Otros auto','Andre biler',NULL,'3822','0','1622399210','1'
'205','RAM','RAM','RAM','RAM','RAM','RAM','RAM','RAM','RAM',NULL,'4142','0','1622399210','1'
'823','Willys','Willys','Willys','Willys','Willys','Willys','Willys','Willys','Willys',NULL,'3667','1525096118','1622399210','1'
'1374','Geo','Geo','Geo','Geo','Geo','Geo','Geo','Geo','Geo',NULL,'68','1529967932','1622399210','1'
'1375','Rimac','Rimac','Rimac','Rimac','Rimac','Rimac','Rimac','Rimac','Rimac',NULL,'3620','1532455945','1622399210','1'
'1377','Aurus','Aurus','Aurus','Aurus','Aurus','Aurus','Aurus','Aurus','Aurus',NULL,'4144','1537727345','1622399210','1'
'1378','Trumpchi','Trumpchi','Trumpchi','Trumpchi','Trumpchi','Trumpchi','Trumpchi','Trumpchi','Trumpchi',NULL,'4145','1537727345','1622399210','1'
'1379','Abarth','Abarth','Abarth','Abarth','Abarth','Abarth','Abarth','Abarth','Abarth',NULL,'4146','1537877620','1622399210','1'
'1384','Baic','Baic','Baic','Baic','Baic','Baic','Baic','Baic','Baic',NULL,'4147','1545811775','1622399210','1'
'1385','DFM','DFM','DFM','DFM','DFM','DFM','DFM','DFM','DFM',NULL,'4148','1545855364','1622399210','1'
'1386','Saipa','Saipa','Saipa','Saipa','Saipa','Saipa','Saipa','Saipa','Saipa',NULL,'4149','1545855364','1622399210','1'
'1394','Beijing','Beijing','Beijing','Beijing','Beijing','Beijing','Beijing','Beijing','Beijing',NULL,'14','1548200325','1622399210','1'
'1399','DFSK','DFSK','DFSK','DFSK','DFSK','DFSK','DFSK','DFSK','DFSK',NULL,'3754','1548289913','1622399210','1'
'1556','AM General','AM General','AM General','AM General','AM General','AM General','AM General','AM General','AM General',NULL,'5','1571344293','1622399210','1'
'1557','Autobianchi','Autobianchi','Autobianchi','Autobianchi','Autobianchi','Autobianchi','Autobianchi','Autobianchi','Autobianchi',NULL,'12','1571344293','1622399210','1'
'1558','Baltijas Dzips','Baltijas Dzips','Baltijas Dzips','Baltijas Dzips','Baltijas Dzips','Baltijas Dzips','Baltijas Dzips','Baltijas Dzips','Baltijas Dzips',NULL,'13','1571344293','1622399210','1'
'1559','Bertone','Bertone','Bertone','Bertone','Bertone','Bertone','Bertone','Bertone','Bertone',NULL,'16','1571344293','1622399210','1'
'1560','Bitter','Bitter','Bitter','Bitter','Bitter','Bitter','Bitter','Bitter','Bitter',NULL,'17','1571344293','1622399210','1'
'1561','Brabus','Brabus','Brabus','Brabus','Brabus','Brabus','Brabus','Brabus','Brabus',NULL,'20','1571344293','1622399210','1'
'1562','Bufori','Bufori','Bufori','Bufori','Bufori','Bufori','Bufori','Bufori','Bufori',NULL,'23','1571344293','1622399210','1'
'1563','Byvin','Byvin','Byvin','Byvin','Byvin','Byvin','Byvin','Byvin','Byvin',NULL,'27','1571344293','1622399210','1'
'1564','Donkervoort','Donkervoort','Donkervoort','Donkervoort','Donkervoort','Donkervoort','Donkervoort','Donkervoort','Donkervoort',NULL,'54','1571344293','1622399210','1'
'1565','E-Car','E-Car','E-Car','E-Car','E-Car','E-Car','E-Car','E-Car','E-Car',NULL,'55','1571344293','1622399210','1'
'1566','Eagle Cars','Eagle Cars','Eagle Cars','Eagle Cars','Eagle Cars','Eagle Cars','Eagle Cars','Eagle Cars','Eagle Cars',NULL,'57','1571344293','1622399210','1'
'1567','Gonow','Gonow','Gonow','Gonow','Gonow','Gonow','Gonow','Gonow','Gonow',NULL,'70','1571344293','1622399210','1'
'1568','IVECO','IVECO','IVECO','IVECO','IVECO','IVECO','IVECO','IVECO','IVECO',NULL,'86','1571344293','1622399210','1'
'1569','Jensen','Jensen','Jensen','Jensen','Jensen','Jensen','Jensen','Jensen','Jensen',NULL,'90','1571344293','1622399210','1'
'1570','Liebao Motor','Liebao Motor','Liebao Motor','Liebao Motor','Liebao Motor','Liebao Motor','Liebao Motor','Liebao Motor','Liebao Motor',NULL,'100','1571344293','1622399210','1'
'1571','Microcar','Microcar','Microcar','Microcar','Microcar','Microcar','Microcar','Microcar','Microcar',NULL,'120','1571344293','1622399210','1'
'1572','Morris','Morris','Morris','Morris','Morris','Morris','Morris','Morris','Morris',NULL,'126','1571344293','1622399210','1'
'1573','Piaggio','Piaggio','Piaggio','Piaggio','Piaggio','Piaggio','Piaggio','Piaggio','Piaggio',NULL,'136','1571344293','1622399210','1'
'1574','PUCH','PUCH','PUCH','PUCH','PUCH','PUCH','PUCH','PUCH','PUCH',NULL,'142','1571344293','1622399210','1'
'1575','Tazzari','Tazzari','Tazzari','Tazzari','Tazzari','Tazzari','Tazzari','Tazzari','Tazzari',NULL,'171','1571344293','1622399210','1'
'1576','Tramontana','Tramontana','Tramontana','Tramontana','Tramontana','Tramontana','Tramontana','Tramontana','Tramontana',NULL,'178','1571344293','1622399210','1'
'1577','Triumph','Triumph','Triumph','Triumph','Triumph','Triumph','Triumph','Triumph','Triumph',NULL,'179','1571344293','1622399210','1'
'1578','Ё-мобиль','E-Mobil','E-mobil','Yo-mobil','Yo-mobil','E-mobil','Yo-mobil','E-movil','E-mobil',NULL,'211','1571344293','1622399210','1'
'1579','Автокам','Autocam','Autocam','Autocam','Autokam','Autocam','Autocam','Autocam','Autokam',NULL,'212','1571344293','1622399210','1'
'1580','Канонир','Kanonier','Cannoniere','Kanonir','Kanonir','Canonnier','Kanonir','Kanonir','Gunner',NULL,'221','1571344293','1622399210','1'
'1581','Ultima','Ultima','Ultima','Ultima','Ultima','Ultima','Ultima','Ultima','Ultima',NULL,'280','1571344293','1622399210','1'
'1582','Gordon','Gordon','Gordon','Gordon','Gordon','Gordon','Gordon','Gordon','Gordon',NULL,'289','1571344293','1622399210','1'
'1583','PGO','PGO','PGO','PGO','PGO','PGO','PGO','PGO','PGO',NULL,'3590','1571344293','1622399210','1'
'1584','Zenvo','Zenvo','Zenvo','Zenvo','Zenvo','Zenvo','Zenvo','Zenvo','Zenvo',NULL,'3591','1571344293','1622399210','1'
'1585','Rezvani','Rezvani','Rezvani','Rezvani','Rezvani','Rezvani','Rezvani','Rezvani','Rezvani',NULL,'3619','1571344293','1622399210','1'
'1586','DeSoto','DeSoto','DeSoto','DeSoto','DeSoto','DeSoto','DeSoto','DeSoto','DeSoto',NULL,'3665','1571344293','1622399210','1'
'1587','ЗиС','ZiS','ZiS','ZiS','ZiS','ZiS','ZiS','ZiS','ZiS',NULL,'3690','1571344293','1622399210','1'
'1588','Zenos','Zenos','Zenos','Zenos','Zenos','Zenos','Zenos','Zenos','Zenos',NULL,'3706','1571344293','1622399210','1'
'1589','W Motors','W Motors','W Motors','W Motors','W Motors','W Motors','W Motors','W Motors','W Motors',NULL,'3728','1571344293','1622399210','1'
'1590','Hudson','Hudson','Hudson','Hudson','Hudson','Hudson','Hudson','Hudson','Hudson',NULL,'3739','1571344293','1622399210','1'
'1591','International','International','International','International','International','International','International','International','International',NULL,'3816','1571344293','1622399210','1'
'1593','Apal','Apal','Apal','Apal','Apal','Apal','Apal','Apal','Apal',NULL,'4154','1571344293','1622399210','1'
'1594','Bajaj','Bajaj','Bajaj','Bajaj','Bajaj','Bajaj','Bajaj','Bajaj','Bajaj',NULL,'4155','1571344293','1622399210','1'
'1595','Batmobile','Batmobile','Batmobile','Batmobile','Batmobile','Batmobile','Batmobile','Batmobile','Batmobile',NULL,'4156','1571344293','1622399210','1'
'1596','Bilenkin','Bilenkin','Bilenkin','Bilenkin','Bilenkin','Bilenkin','Bilenkin','Bilenkin','Bilenkin',NULL,'4157','1571344293','1622399210','1'
'1597','Cord','Cord','Cord','Cord','Cord','Cord','Cord','Cord','Cord',NULL,'4158','1571344293','1622399210','1'
'1598','Delage','Delage','Delage','Delage','Delage','Delage','Delage','Delage','Delage',NULL,'4159','1571344293','1622399210','1'
'1599','DKW','DKW','DKW','DKW','DKW','DKW','DKW','DKW','DKW',NULL,'4160','1571344293','1622399210','1'
'1601','DW Hower','DW Hower','DW Hower','DW Hower','DW Hower','DW Hower','DW Hower','DW Hower','DW Hower',NULL,'4162','1571344293','1622399210','1'
'1602','Flanker','Flanker','Flanker','Flanker','Flanker','Flanker','Flanker','Flanker','Flanker',NULL,'4163','1571344293','1622399210','1'
'1603','GAC','GAC','GAC','GAC','GAC','GAC','GAC','GAC','GAC',NULL,'4164','1571344293','1622399210','1'
'1604','GP','GP','GP','GP','GP','GP','GP','GP','GP',NULL,'4165','1571344293','1622399210','1'
'1605','Hanomag','Hanomag','Hanomag','Hanomag','Hanomag','Hanomag','Hanomag','Hanomag','Hanomag',NULL,'4166','1571344293','1622399210','1'
'1606','Hispano-Suiza','Hispano-Suiza','Hispano-Suiza','Hispano-Suiza','Hispano-Suiza','Hispano-Suiza','Hispano-Suiza','Hispano-Suiza','Hispano-Suiza',NULL,'4167','1571344293','1622399210','1'
'1607','Horch','Horch','Horch','Horch','Horch','Horch','Horch','Horch','Horch',NULL,'4168','1571344293','1622399210','1'
'1608','KTM AG','KTM AG','KTM AG','KTM AG','KTM AG','KTM AG','KTM AG','KTM AG','KTM AG',NULL,'4169','1571344293','1622399210','1'
'1609','Ligier','Ligier','Ligier','Ligier','Ligier','Ligier','Ligier','Ligier','Ligier',NULL,'4170','1571344293','1622399210','1'
'1610','Lucid','Lucid','Lucid','Lucid','Lucid','Lucid','Lucid','Lucid','Lucid',NULL,'4171','1571344293','1622399210','1'
'1611','Nash','Nash','Nash','Nash','Nash','Nash','Nash','Nash','Nash',NULL,'4172','1571344293','1622399210','1'
'1612','Rambler','Rambler','Rambler','Rambler','Rambler','Rambler','Rambler','Rambler','Rambler',NULL,'4173','1571344293','1622399210','1'
'1613','Renaissance','Renaissance','Renaissance','Renaissance','Renaissance','Renaissance','Renaissance','Renaissance','Renaissance',NULL,'4174','1571344293','1622399210','1'
'1614','Renault Samsung','Renault Samsung','Renault Samsung','Renault Samsung','Renault Samsung','Renault Samsung','Renault Samsung','Renault Samsung','Renault Samsung',NULL,'4175','1571344293','1622399210','1'
'1615','Rinspeed','Rinspeed','Rinspeed','Rinspeed','Rinspeed','Rinspeed','Rinspeed','Rinspeed','Rinspeed',NULL,'4176','1571344293','1622399210','1'
'1616','Shanghai Maple','Shanghai Maple','Shanghai Maple','Shanghai Maple','Shanghai Maple','Shanghai Maple','Shanghai Maple','Shanghai Maple','Shanghai Maple',NULL,'4177','1571344293','1622399210','1'
'1617','Simca','Simca','Simca','Simca','Simca','Simca','Simca','Simca','Simca',NULL,'4178','1571344293','1622399210','1'
'1618','Steyr','Steyr','Steyr','Steyr','Steyr','Steyr','Steyr','Steyr','Steyr',NULL,'4179','1571344293','1622399210','1'
'1619','Studebaker','Studebaker','Studebaker','Studebaker','Studebaker','Studebaker','Studebaker','Studebaker','Studebaker',NULL,'4180','1571344293','1622399210','1'
'1620','Think','Think','Think','Think','Think','Think','Think','Think','Think',NULL,'4181','1571344293','1622399210','1'
'1621','Wanderer','Wanderer','Wanderer','Wanderer','Wanderer','Wanderer','Wanderer','Wanderer','Wanderer',NULL,'4182','1571344293','1622399210','1'
'1622','Гоночный болид','Rennwagen','Auto da corsa','Racing car','Wyścigowy bolid','Voiture de course','Sacīkšu bolīds','Carreras de coche','Racing bil',NULL,'4183','1571344293','1622399210','1'
'1684','Logem','Logem','Logem','Logem','Logem','Logem','Logem','Logem','Logem',NULL,'4184','1572187565','1622399210','1'
'1713','Dallara','Dallara','Dallara','Dallara','Dallara','Dallara','Dallara','Dallara','Dallara',NULL,'4186','1575634149','1622399210','1'
'1797','Heinkel','Heinkel','Heinkel','Heinkel','Heinkel','Heinkel','Heinkel','Heinkel','Heinkel',NULL,'4187','1584228788','1622399210','1'
'1842','Yulon','Yulon','Yulon','Yulon','Yulon','Yulon','Yulon','Yulon','Yulon',NULL,'4188','1586994204','1622399210','1'
'1943','Bio auto','Bio auto','Bio auto','Bio auto','Bio auto','Bio auto','Bio auto','Bio auto','Bio auto',NULL,'4189','1597254189','1622399210','1'
'1944','Deco Rides','Deco Rides','Deco Rides','Deco Rides','Deco Rides','Deco Rides','Deco Rides','Deco Rides','Deco Rides',NULL,'4190','1597254189','1622399210','1'
'1945','Sears','Sears','Sears','Sears','Sears','Sears','Sears','Sears','Sears',NULL,'4191','1597254189','1622399210','1'
'1946','Xpeng','Xpeng','Xpeng','Xpeng','Xpeng','Xpeng','Xpeng','Xpeng','Xpeng',NULL,'4192','1597254189','1622399210','1'
'1957','Roewe','Roewe','Roewe','Roewe','Roewe','Roewe','Roewe','Roewe','Roewe',NULL,'4195','1600917036','1622399210','1'
'1967','CheryExeed','CheryExeed','CheryExeed','CheryExeed','CheryExeed','CheryExeed','CheryExeed','CheryExeed','CheryExeed',NULL,'4196','1603809620','1622399210','1'
'1968','LiXiang','LiXiang','LiXiang','LiXiang','LiXiang','LiXiang','LiXiang','LiXiang','LiXiang',NULL,'4197','1603809620','1622399210','1'
'1969','Nio','Nio','Nio','Nio','Nio','Nio','Nio','Nio','Nio',NULL,'4198','1603809620','1622399210','1'
'2017','Hennessey','Hennessey','Hennessey','Hennessey','Hennessey','Hennessey','Hennessey','Hennessey','Hennessey',NULL,'4199','1611296975','1622399210','1'
'2018','Polestar','Polestar','Polestar','Polestar','Polestar','Polestar','Polestar','Polestar','Polestar',NULL,'4200','1611296975','1622399210','1'
'2034','Auburn','Auburn','Auburn','Auburn','Auburn','Auburn','Auburn','Auburn','Auburn',NULL,'4201','1614178539','1622399210','1'
'2035','Weltmeister','Weltmeister','Weltmeister','Weltmeister','Weltmeister','Weltmeister','Weltmeister','Weltmeister','Weltmeister',NULL,'4202','1614178539','1622399210','1'
'2140','Cupra','Cupra','Cupra','Cupra','Cupra','Cupra','Cupra','Cupra','Cupra',NULL,'4203','1619009515','1622399210','1'
