'id_car_characteristic__name__translate','id_car_characteristic','id_parent','ru','en','pl','de','es','fr','it','da','lv','in','date_create','date_update','id_car_type'
'1','1',NULL,'Кузов','Bodywork','Nadwozia','Karosserie','Carrocería','Carrosserie','Carrozzeria','Kroppen','Virsbūve',NULL,'0','1622399456','1'
'2','2','1','Тип кузова','Body type','Rodzaj nadwozia','Fahrzeugart','Carrocería','Type carrosserie','Tipo di carrozzeria','Krop type','Virsbūves tips',NULL,'0','1622399456','1'
'3','3','1549','Количество дверей','Number of doors','Liczba drzwi','Anzahl der türen','Puertas','Nombre de portes','Numero di porte','Antallet af døre','Durvju skaits',NULL,'0','1622399456','1'
'4','4','1','Количество мест','Number of seater','Liczba miejsc','Sitzplätze','Número de plazas','Nombre de places','Numero di posti','Antal pladser','Sēdvietu skaits',NULL,'0','1622399456','1'
'5','5','1','Длина','Length','Długość','Länge','Longitud','Longueur','Lunghezza','Længde','Garums',NULL,'0','1622399456','1'
'6','6','1','Ширина','Width','Szerokość','Breite','Anchura','Largeur','Larghezza','Bredde','Platums',NULL,'0','1622399456','1'
'7','7','1','Высота','Height','Wysokość','Höhe','Altura','Hauteur','Altezza','Højde','Augstums',NULL,'0','1622399456','1'
'8','8','1','Колёсная база','Wheelbase','Rozstaw osi','Radstand','Distancia entre ejes','Empattement','Passo','Akselafstand','Riteņu bāze',NULL,'0','1622399456','1'
'9','9','1','Колея передняя','Front track','Rozstaw kół przód','Spur vorne','Cola delantera','Voies avant','Carreggiata anteriore','Front spor','Šķērsbāze priekšā',NULL,'0','1622399456','1'
'10','10','1','Колея задняя','Rear track','Rozstaw kół tył','Spur hinten','Vía trasera','Voies arrière','Carreggiata posteriore','Tilbage spor','Šķērsbāze aizmugurē',NULL,'0','1622399456','1'
'11','11',NULL,'Двигатель','Engine','Silnik','Motor','Motor','Moteur','Motore','Motor','Dzinējs',NULL,'0','1622399456','1'
'12','12','11','Тип двигателя','Engine type','Typ silnika','Kraftstoffe','Tipo de motor','Type de moteur','Tipo di motore','Motor type','Dzinēja tips',NULL,'0','1622399456','1'
'13','13','11','Объем двигателя','Capacity','Pojemność silnika','Hubraum','Cilindrada','Cylindrée','Cilindrata','Motor størrelse','Dzinēja tilpums',NULL,'0','1622399456','1'
'14','14','11','Мощность двигателя','Engine power','Moc silnika','Motorleistung','Potencia del motor','Puissance de moteur','Potenza del motore','Motor power','Dzinēja jauda',NULL,'0','1622399456','1'
'15','15','11','Обороты максимальной мощности','Max power at RPM','Obroty maksymalnej mocy','Umdrehung maximale Leistung','Revoluciones potencia máxima','Régime de puissance maximale','Regime di potenza massima','Momentum maksimal effekt','Maksimālais jaudas apgriezienu skaits',NULL,'0','1622399456','1'
'16','16','11','Максимальный крутящий момент','Maximum torque','Maksymalny moment obrotowy','Maximale Drehmoment','Par máximo','Couple maximal','Coppia massima','Det maksimale drejningsmoment','Maksimālais griezes moments',NULL,'0','1622399456','1'
'17','17','11','Тип впуска','Injection type','Typ wlot','Verbrennungsverfahren','Tipo de inyección','Type de injection','Tipo di aspirazione','Type indtag','Degvielas padeves sistēma',NULL,'0','1622399456','1'
'18','18','11','Газораспределительный механизм','Overhead camshaft','Rozrząd mechanizm','Gasverteilungsmechanismus','Mecanismo de distribución de gas','Mécanisme de distribution de gaz','Il meccanismo di distribuzione del gas','Naturlig indsugning','Gāzes sadales mehānisms',NULL,'0','1622399456','1'
'19','19','11','Расположение цилиндров','Cylinder layout','Układ cylindrów','Motorbauart','Disposición de los cilindros','Emplacement des cylindres','Disposizione dei cilindri','Arrangement af cylindre','Cilindru izvietojums',NULL,'0','1622399456','1'
'20','20','11','Количество цилиндров','Number of cylinders','Liczba cylindrów','Zylinderzahl','Número de cilindros','Nombre de cylindres','Numero di cilindri','Antallet af cylindre','Cilindru skaits',NULL,'0','1622399456','1'
'21','21','11','Степень сжатия','Compression ratio','Stopień kompresji','Verdichtungsverhältnis','Relación de compresión','Degré de compression','Grado di compressione','Kompression','Kompresijas pakāpe',NULL,'0','1622399456','1'
'22','22','31','Марка топлива','Fuel','Paliwo','Benzinsorte','Combustible','Carburant','Marca di carburante','Kvalitet af brændstof','Degviela',NULL,'0','1622399456','1'
'23','23',NULL,'Трансмиссия и управление','Gearbox and handling','Skrzynia biegów i sterowanie','Triebstrang und Steuerung','Transmisión y control','Transmission et contrôle','Trasmissione e la gestione','Overførsel og forvaltning','Transmisija un vadība',NULL,'0','1622399456','1'
'24','24','23','Тип КПП','Gearbox type','Skrzynia biegów','Getriebe','Caja de cambios','Boite','Tipo di cambio','Type af transmission','Ātrumkārba',NULL,'0','1622399456','1'
'25','26','23','Количество передач','Number of gear','Liczba biegów','Anzahl der Gänge','Número de marchas','Nombre de vitesses','Numero di assist','Mængde af gear','Pārnesumu skaits',NULL,'0','1622399456','1'
'26','27','23','Привод','Drive wheels','Napęd','Antriebsart','Ruedas motrices','Actionneur','Azionamento','Kørsel','Piedziņa',NULL,'0','1622399456','1'
'27','1549',NULL,'Общая информация','General information','Ogólna informacja','Allgemeine Informationen','Información general','Informations générales','Informazioni generali','Generelle oplysninger','Vispārīga informācija',NULL,'0','1622399456','1'
'28','29','40','Передние тормоза','Front brakes','Hamulce przednie','Bremsen vorne','Frenos delanteros','Freins avant','Freni anteriori','Den forreste bremser','Priekšējās bremzes',NULL,'0','1622399456','1'
'29','30','40','Задние тормоза','Rear brakes','Hamulce tylne','Bremsen hinten','Frenos traseros','Freins arrière','Freni posteriori','Bageste bremser','Aizmugurējās bremzes',NULL,'0','1622399456','1'
'30','31',NULL,'Эксплуатационные показатели','Operating characteristics','Wskaźniki pracy','Allgemeine Kennzahlen','Prestaciones y consumos homologados','Performances','Prestazioni','Resultater','Ekspluatācijas rādītāji',NULL,'0','1622399456','1'
'31','32','31','Максимальная скорость','Max speed','Prędkość maksymalna','Höchstgeschwindigkeit','Velocidad máxima','Vitesse max','Velocità massima','Maksimal hastighed','Maksimālais ātrums',NULL,'0','1622399456','1'
'32','33','31','Разгон до 100 км/ч','Acceleration (0-100 km/h)','Przyspieszenie (0-100 km/h)','Beschleunigung (0-100 km/h)','Aceleración de 0-100 km/h','Accélération (0-100 km/h)','Accelerazione a 100 km/h','Acceleration til 100 km/h','Paātrinājums līdz 100 km/h',NULL,'0','1622399456','1'
'33','34','1','Снаряженная масса','Curb weight','Masa własna','Leergewicht','Peso en orden de marcha','Poids à vide','Peso a vuoto','Køreklar vægt','Pašmasa',NULL,'0','1622399456','1'
'34','35','31','Объём топливного бака','Fuel tank capacity','Pojemność zbiornika paliwa','Tankvolumen','Capacidad depósito','Réservoir','Volume del serbatoio di carburante','Brændstoftank kapacitet','Degvielas tvertnes tilpums',NULL,'0','1622399456','1'
'35','36','1','Размер колёс','Wheel size','Rozmiar kół','Radgröße','Ruedas','Taille de la roue','Dimensione delle ruote','Størrelsen af hjulene','Riteņu izmērs',NULL,'0','1622399456','1'
'36','37','31','Экологический стандарт','Emission standards','Norma ekologiczna','Schadstoffeinstufung','Normativa de emisiones','Norme environnementale','Standard ambientali','Miljømæssige standard','Emisijas standarts',NULL,'0','1622399456','1'
'37','38','1','Дорожный просвет','Ground clearance','Drogowy prześwit','Bodenfreiheit','Altura libre','Garde au sol','Altezza da terra','Frihøjde','Ceļa atstarpe',NULL,'0','1622399456','1'
'38','39','11','Количество клапанов на цилиндр','Valves per cylinder','Liczba zaworów cylindra','Anzahl der Ventile pro Zylinder','Válvulas por cilindro','Nombre de soupapes par cylindre','Numero di valvole per cilindro','Antallet af ventiler per cylinder','Vārstu skaits uz cilindru',NULL,'0','1622399456','1'
'39','40',NULL,'Подвеска и тормоза','Suspension and brakes','Zawieszenie i hamulce','Fahrwerk und Bremsen','Suspensión y frenos','Suspension et freins','Sospensioni e freni','Affjedring og bremser','Piekare un bremzes',NULL,'0','1622399456','1'
'40','41','40','Передняя подвеска','Front suspension','Zawieszenie przednie','Federung vorne','Suspensión delantera','Suspension avant','Sospensione anteriore','Front suspension','Priekšējā piekare',NULL,'0','1622399456','1'
'41','42','40','Задняя подвеска','Back suspension','Zawieszenie tylne','Federung hinten','Suspensión trasera','Suspension arrière','Sospensione posteriore','Baghjulsophæng','Aizmugurējā piekare',NULL,'0','1622399456','1'
'42','1558','11','Максимальная мощность (л.с.)','Max power (h.p.)','Maksymalna moc (k.m.)','Maximale leistung (PS)','Potencia máxima (Hp)','Puissance maximale (ch)','Potenza massima (cv)','Maksimal effekt (HK)','Maksimālā jauda (z.s.)',NULL,'0','1622399456','1'
'43','44','1','Объем багажника максимальный','Max trunk capacity','Max przestrzeń bagażowa','Kofferraumvolumen maximal','Capacidad maletero max','Volume du coffre maximum','Volume massimo del bagagliaio','Bagage maksimal kapacitet','Maksimālais bagāžas nodalījuma tilpums',NULL,'0','1622399456','1'
'44','45','1','Объем багажника минимальный','Min trunk capacity','Min przestrzeń bagażowa','Kofferraumvolumen minimal','Capacidad maletero min','Volume du coffre minimum','Volume minimo del bagagliaio','Bagage kapacitet er minimal','Minimālais bagāžas nodalījuma tilpums',NULL,'0','1622399456','1'
'45','46','11','Тип наддува','Boost type','Rodzaj doładowania','Typ Boost','Tipo de sobrealimentado','Type de suralimentation','Tipo di sovralimentazione','Type boost','Turbīnas veids',NULL,'0','1622399456','1'
'46','47','11','Диаметр цилиндра','Cylinder bore','Średnica cylindra','Zylinderbohrung','Diámetro del cilindro','Diamètre de cylindre','Diametro del cilindro','Diameteren af cylinderen','Cilindra diametrs',NULL,'0','1622399456','1'
'47','48','11','Ход поршня','Stroke cycle','Skok tłoka','Kolbenhub','Recorrido del pistón','Course de piston','Corsa del pistone','Slagtilfælde','Virzuļa gājiens',NULL,'0','1622399456','1'
'48','49','23','Передаточное отношение главной пары','Bore/stroke ratio','Przełożenie głównej pary','Durchmesser Zylinder / Kolbenhub','Desmultiplicación de la dirección','Rapport d’engrenage de la paire principale','Rapporto di una coppia è','Udvekslingsforholdet de vigtigste par','Redukcija galvenais pāri',NULL,'0','1622399456','1'
'49','50','31','Расход топлива в городе на 100 км','City driving fuel consumption per 100 km','Zużycie paliwa (cykl miejski) na 100 km','Verbrauch Stadt auf 100 km','Consumo urbano por 100 km','Consommation urbaine sur 100 km','Consumo di carburante in città per 100 km','Brændstofforbrug i byen, 100 km','Degvielas patēriņš pilsētā uz 100 km',NULL,'0','1622399456','1'
'50','51','31','Расход топлива на шоссе на 100 км','Highway driving fuel consumption per 100 km','Zużycie paliwa (cykl pozamiejski) na 100 km','Verbrauch Autobahn auf 100 km','Consumo extraurbano por 100 km','Consommation extra-urbaine sur 100 km','Consumo di carburante in autostrada a 100 km','Brændstofforbrug på motorvejen med 100 km','Degvielas patēriņš uz šosejas pie 100 km',NULL,'0','1622399456','1'
'51','52','31','Расход топлива в смешанном цикле на 100 км','Mixed driving fuel consumption per 100 km','Zużycie paliwa (cykl mieszany) na 100 km','Verbrauch Kombiniert auf 100 km','Consumo medio por 100 km','Consommation mixte sur 100 km','Consumo nel ciclo misto 100 km','Forbrug i combined cycle 100 km','Degvielas patēriņš kombinētajā ciklā uz 100 km',NULL,'0','1622399456','1'
'52','53',NULL,'Рулевое управление','Steering','Układ kierowniczy','Lenkung','Dirección','Pilotage','Sterzo','Styring','Stūres iekārta',NULL,'0','1622399456','1'
'53','54','53','Тип рулевого управления','Steering type','Typ układu kierowniczego','Typ der lenkung','Tipo de dirección','Type de direction','Tipo di sterzo','Styretøj Type','Tips stūres',NULL,'0','1622399456','1'
'54','55','11','Модель двигателя','Engine code','Model silnika','Motormodell','Modelo del motor','Modèle de moteur','Modello del motore','Motor model','Dzinēja modelis',NULL,'0','1622399456','1'
'55','56','11','Мощность электромотора','Electric motor power','Moc silnika elektrycznego','Leistung des elektromotors','La potencia del motor','Puissance du moteur électrique','Potenza del motore elettrico','Styrken af den elektriske motor','Elektromotora jauda',NULL,'0','1622399456','1'
'56','57','23','Диаметр разворота','Turning circle','Średnica zawracania','Wendekreisdurchmesser','Diámetro de giro','Diamètre braquage','Diametro di sterzata','Vendediameter','Apgriešanās diametrs',NULL,'0','1622399456','1'
'57','58','1','Полная масса','Full weight','Masa całkowita','Gesamtgewicht','Peso máximo admisible','Poids brut','Massa totale','Total vægt','Pilna masa',NULL,'0','1622399456','1'
'58','59','31','Размер дисков','Disc size','Rozmiar felgi','Felgengröße','discos','Taille des disques','Dimensioni dei dischi','Størrelsen af diske','Disku izmērs',NULL,'0','1622399456','1'
'59','60','11','Совокупная мощность','Total power output','Łączna moc','Kumulierte leistung','La potencia total de','Totale puissance','Capacità complessiva','Samlede kapacitet','Kopējā jauda',NULL,'0','1622399456','1'
'60','61','11','Расположение двигателя','Engine placement','Położenie silnika','Anordnung des motors','Ubicación del motor','Emplacement du moteur','Posizione del motore','Placeringen af motor','Atrašanās vieta motoru',NULL,'0','1622399456','1'
'61','62','31','Запас хода','Cruising range','Zasięg','Reichweite','Autonomía de marcha','Réserve de marche','Riserva di carica','Cruising','Var nobraukt ar pilnu bāku',NULL,'0','1622399456','1'
'62','63','31','Полная зарядка','Full cycle charge','Pełne ładowanie','Volle Ladung','Carga completa','Recharge complète','Carica è completa','Fuld opladning','Pilna uzlādēšana',NULL,'0','1622399456','1'
'63','66','1','Ширина с зеркалами','Car width with mirrors','Szerokość z lusterkami','Breite mit spiegeln','El ancho con espejos','Largeur avec rétroviseurs','Larghezza con specchi','Bredde med spejle','Platums ar spoguļiem',NULL,'0','1622399456','1'
'64','1561','31','Выбросы CO2','CO2 emissions','CO2 emisji','CO2-Emissionen','Emisiones de CO2','Émissions de CO2','Emissioni di CO2','CO2-emissioner','CO2 emisijas',NULL,'0','1622399456','1'
'66','1521','11','Диаметр цилиндра и ход поршня','Cylinder bore and stroke cycle','Średnica cylindra i Skok tłoka','Zylinderbohrung und kolbenhub','Diámetro del cilindro y del pistón','Diamètre de cylindre et de la course du piston','L\'alesaggio e la corsa del pistone','Boring og slaglængde','Cilindra diametrs un virzuļa gājiens',NULL,'0','1622399456','1'
'67','1550',NULL,'Объём и масса','Volume and weight','Objętość i masa','Volumen und masse','Volumen y la masa','Dimensions','Volume e la massa','Volumen og vægt','Tilpums un masa',NULL,'0','1622399456','1'
'68','1551',NULL,'Безопасность','Security','Bezpieczeństwo','Sicherheit','Seguridad','Sécurité','Sicurezza','Sikkerhed','Drošība',NULL,'0','1622399456','1'
'69','1552','1549','Страна марки','Country','Kraj marki','Land marke','País de la marca','Pays de la marque','Paese di marca','Land mærke','Valsts markas',NULL,'0','1622399456','1'
'70','1553','1549','Класс автомобиля','Car class','Klasa samochodu','Klasse auto','Clase de vehículo','Classe de voiture','Classe di veicolo','Klasse bil','Auto klasi',NULL,'0','1622399456','1'
'71','1554','1','Клиренс','Clearance','Prześwit','Clearance','Claro','Clairance','Clearance','Clearance','Klīrenss',NULL,'0','1622399456','1'
'72','1555','1','Ширина передней колеи','Front track width','Szerokość rozstawu kół przedniej','Breite vordere spurweite','Vía delantera','Largeur de la voie avant','Larghezza carreggiata anteriore','Sporvidde foran','Platums priekšējā sliedes',NULL,'0','1622399456','1'
'73','1556','1','Ширина задней колеи','Back track width','Szerokość tylnych kół','Breite hintere spurweite','Ancho de la vía trasera','Largeur de la voie arrière','Larghezza carreggiata posteriore','Bag sporvidde','Platums aizmugurējās sliedes',NULL,'0','1622399456','1'
'74','1559','11','Максимальная мощность (кВт)','Max power (kW)','Maksymalna moc (kW)','Maximale leistung (kW)','Potencia máxima (kW)','Puissance maximale (kW)','Potenza massima (kW)','Maksimal effekt (kW)','Maksimālā jauda (kW)',NULL,'0','1622399456','1'
'75','1560','1549','Сборка модели','Model assembly','Montaż modelu','Die Montage des modells','Montaje del modelo','Modèle d\'assemblage','Modello di assemblaggio','Samling model','Montāža modeli',NULL,'0','1622399456','1'
'76','1562','1551','Оценка безопасности','Safety assessment','Ocena bezpieczeństwa','Die bewertung der sicherheit','La evaluación de la seguridad','Évaluation de la sécurité','Valutazione della sicurezza','Sikkerhedsvurdering','Drošības novērtējums',NULL,'0','1622399456','1'
'77','1563','1551','Название рейтинга','Rating name','Nazwa rankingu','Titel-ranking','Nombre de la clasificación','Nom de classement','Nome classifica','Navn rating','Nosaukums reitinga',NULL,'0','1622399456','1'
'78','1564','11','Обороты максимального крутящего момента','Turnover of maximum torque','Obroty maksymalnego momentu obrotowego','Umdrehungen des maximalen Drehmoments','Revoluciones par máximo','Régime de couple maximal','Regime di coppia massima','Omsætning på maksimalt drejningsmoment','Impulsu maksimālo griezes momentu',NULL,'0','1622399456','1'
'79','1565','1','Грузоподъёмность','Payload','Ładowność','Zuladung','Capacidad de carga','Capacité de charge','Capacità di carico','Kapacitet','Kravnesība',NULL,'0','1622399456','1'
'80','1566','11','Наличие интеркулера','Presence of intercooler','Obecność chłodnica powietrza doładowującego','Anwesenheit der ladeluftkühler','Presencia de intercooler','Présence d\'un intercooler','Presenza di intercooler','Tilstedeværelsen af intercooler','Interkūleris',NULL,'0','1622399456','1'
'81','1567','1','Разрешённая масса автопоезда','Trailer load (with brakes)','Masa holowanego ładunku (z hamulcami)','Anhängelast (gebremst)','Masa de carga remolcada (con frenos)','Masse de charge remorquée (avec freins)','Carico consentito per il sistema','Belastning tilladt for systemet','Autovilciena atļautā mas',NULL,'0','1622399456','1'
'82','1568','1','Нагрузка на переднюю/заднюю ось','Front/rear axle load','Obciążenie przedniej/tylną oś','Belastung auf das vordere/hintere Achse','Carga frontal/trasera de eje','Charge sur l\'avant/essieu arrière','Carico anteriore/asse posteriore','Front / bag akseltryk','Slodze uz priekšējo/aizmugurējo asi',NULL,'0','1622399456','1'
'83','1569','1','Погрузочная высота','Loading height','Wysokość załadunkowa','Ladehöhe','Altura de carga','Hauteur de chargement','Altezza di carico','Læssehøjde','Iekraušanas augstums',NULL,'0','1622399456','1'
'84','1570','1','Грузовой отсек (Длина x Ширина x Высота)','Cargo compartment (Length x Width x Height)','Przestrzeni ładunkowej (Długość x Szerokość x Wysokość)','Frachtraum (Länge x Breite x Höhe)','Volúmenes de maletero (Largo x Ancho x Alto)','Compartiment de chargement (Longueur x Largeur x Hauteur)','Vano di carico (Lunghezza x Larghezza x Altezza)','Lastrummet (Længde x Bredde x Højde)','Kravas nodalījums (garums x platums x augstums)',NULL,'0','1622399456','1'
'85','1571','1','Объём грузового отсека','Cargo compartment volume','Objętość przestrzeni ładunkowej','Volumen des laderaums','Volúmenes de maletero','Volume de chargement','Volume del vano di carico','Mængden af lastrummet','Kravas nodalījuma tilpums',NULL,'0','1622399456','1'
'1139','1631',NULL,'Аккумуляторная батарея','Accumulator battery','Akumulator','Akku','Batería','Batterie','Accumulatore','Genopladeligt batteri','Akumulators',NULL,'1603809994','1622399456','1'
'1140','1632',NULL,'Емкость батареи','Battery capacity','Pojemność baterii','Batterie-Kapazität','Capacidad de la batería','Capacité de la batterie','Capacità della batteria','Batterikapacitet','Akumulatora jauda',NULL,'1603809994','1622399456','1'
'1141','1634',NULL,'Запас хода на электричестве','Electric power reserve','Rezerwa mocy na energię elektryczną','Gangreserve auf Strom','Reserva de energía eléctrica','Réserve de marche électrique','Riserva di carica elettrica','Elektrisk gangreserve','Jaudas rezervi par elektrību',NULL,'1603809994','1622399456','1'
'1142','1635',NULL,'Время зарядки','Charging time','Czas ładowania','Aufladezeit','Tiempo de carga','Temps de charge','Tempo di carica','Opladningstid','Uzlādes laiks',NULL,'1603809994','1622399456','1'
